{"cameraMode":{"drawMode":0,"name":"Shaded","section":"Shading Mode"},"sceneLighting":true,"audioPlay":false,"sceneViewState":{"showFog":true,"showMaterialUpdate":false,"showSkybox":true,"showFlares":true,"showImageEffects":true,"showParticleSystems":true},"in2DMode":false,"pivot":{"x":9.129085540771485,"y":12.270928382873536,"z":-1.367799997329712},"rotation":{"x":0.14000403881072999,"y":0.6680645942687988,"z":-0.13013716042041779,"w":0.7192794680595398},"size":4.507394790649414,"orthographic":false}