{"cameraMode":{"drawMode":0,"name":"Shaded","section":"Shading Mode"},"sceneLighting":true,"audioPlay":false,"sceneViewState":{"showFog":true,"showMaterialUpdate":false,"showSkybox":true,"showFlares":true,"showImageEffects":true,"showParticleSystems":true},"in2DMode":false,"pivot":{"x":-3.1781842708587648,"y":2.982212781906128,"z":25.113487243652345},"rotation":{"x":-0.0009856073884293438,"y":0.9698764085769653,"z":-0.24435505270957948,"w":-0.0032475788611918689},"size":50.2493782043457,"orthographic":false}