{"cameraMode":{"drawMode":0,"name":"Shaded","section":"Shading Mode"},"sceneLighting":true,"audioPlay":false,"sceneViewState":{"showFog":true,"showMaterialUpdate":false,"showSkybox":true,"showFlares":true,"showImageEffects":true,"showParticleSystems":true},"in2DMode":false,"pivot":{"x":-0.1638287901878357,"y":1.0390406847000123,"z":-9.71290111541748},"rotation":{"x":0.08187468349933624,"y":0.053232591599226,"z":-0.006472922395914793,"w":0.9952407479286194},"size":2.1219100952148439,"orthographic":false}