{"cameraMode":{"drawMode":0,"name":"Shaded","section":"Shading Mode"},"sceneLighting":true,"audioPlay":false,"sceneViewState":{"showFog":true,"showMaterialUpdate":false,"showSkybox":true,"showFlares":true,"showImageEffects":true,"showParticleSystems":true},"in2DMode":false,"pivot":{"x":0.04897606372833252,"y":0.5799999237060547,"z":4.193968296051025},"rotation":{"x":-0.13167990744113923,"y":0.6409161686897278,"z":-0.11286512762308121,"w":-0.7477818131446838},"size":0.8660253882408142,"orthographic":false}