{"cameraMode":{"drawMode":0,"name":"Shaded","section":"Shading Mode"},"sceneLighting":false,"audioPlay":false,"sceneViewState":{"showFog":true,"showMaterialUpdate":false,"showSkybox":true,"showFlares":true,"showImageEffects":true,"showParticleSystems":true},"in2DMode":false,"pivot":{"x":114.96666717529297,"y":8.225574493408204,"z":3.21423077583313},"rotation":{"x":0.03990236297249794,"y":0.8498179912567139,"z":-0.06555235385894776,"w":0.5216174125671387},"size":2.8954780101776125,"orthographic":false}