{"cameraMode":{"drawMode":0,"name":"Shaded","section":"Shading Mode"},"sceneLighting":true,"audioPlay":false,"sceneViewState":{"showFog":true,"showMaterialUpdate":false,"showSkybox":true,"showFlares":true,"showImageEffects":true,"showParticleSystems":true},"in2DMode":false,"pivot":{"x":-0.08868526667356491,"y":0.30153214931488039,"z":-2.4788002967834474},"rotation":{"x":-0.3640148937702179,"y":-0.5524752140045166,"z":0.29101258516311648,"w":-0.6910746693611145},"size":0.8660253882408142,"orthographic":false}