{"cameraMode":{"drawMode":0,"name":"Shaded","section":"Shading Mode"},"sceneLighting":false,"audioPlay":false,"sceneViewState":{"showFog":true,"showMaterialUpdate":false,"showSkybox":false,"showFlares":true,"showImageEffects":true,"showParticleSystems":true},"in2DMode":false,"pivot":{"x":127.74283599853516,"y":-31.281856536865236,"z":-0.6278477311134338},"rotation":{"x":-0.08636440336704254,"y":-0.7059864401817322,"z":0.08759067207574845,"w":-0.6975803971290588},"size":75.1664810180664,"orthographic":false}