{"cameraMode":{"drawMode":0,"name":"Shaded","section":"Shading Mode"},"sceneLighting":false,"audioPlay":false,"sceneViewState":{"showFog":true,"showMaterialUpdate":false,"showSkybox":true,"showFlares":true,"showImageEffects":true,"showParticleSystems":true},"in2DMode":false,"pivot":{"x":104.72557067871094,"y":13.929947853088379,"z":40.94932556152344},"rotation":{"x":-0.006418928038328886,"y":-0.9935123324394226,"z":0.0749693289399147,"w":-0.08605363965034485},"size":113.34690856933594,"orthographic":false}