{"cameraMode":{"drawMode":0,"name":"Shaded","section":"Shading Mode"},"sceneLighting":false,"audioPlay":false,"sceneViewState":{"showFog":true,"showMaterialUpdate":false,"showSkybox":false,"showFlares":true,"showImageEffects":true,"showParticleSystems":true},"in2DMode":false,"pivot":{"x":-9.487539291381836,"y":2.156081438064575,"z":0.09357956796884537},"rotation":{"x":0.06636012345552445,"y":0.8227204084396362,"z":-0.09821627289056778,"w":0.5559958815574646},"size":0.21650634706020356,"orthographic":false}