{"cameraMode":{"drawMode":0,"name":"Shaded","section":"Shading Mode"},"sceneLighting":true,"audioPlay":false,"sceneViewState":{"showFog":true,"showMaterialUpdate":false,"showSkybox":true,"showFlares":true,"showImageEffects":true,"showParticleSystems":true},"in2DMode":false,"pivot":{"x":-6.259251594543457,"y":13.438468933105469,"z":-0.2162276804447174},"rotation":{"x":-0.3435121178627014,"y":-0.6231434345245361,"z":0.35293740034103396,"w":-0.608027994632721},"size":0.21650634706020356,"orthographic":false}