{"cameraMode":{"drawMode":0,"name":"Shaded","section":"Shading Mode"},"sceneLighting":true,"audioPlay":false,"sceneViewState":{"showFog":true,"showMaterialUpdate":false,"showSkybox":true,"showFlares":true,"showImageEffects":true,"showParticleSystems":true},"in2DMode":false,"pivot":{"x":89.40674591064453,"y":134.52871704101563,"z":177.30287170410157},"rotation":{"x":0.0017472251784056426,"y":0.8497461080551148,"z":-0.002810690551996231,"w":0.5272021889686585},"size":0.8660253882408142,"orthographic":false}