{"cameraMode":{"drawMode":0,"name":"Shaded","section":"Shading Mode"},"sceneLighting":false,"audioPlay":false,"sceneViewState":{"showFog":true,"showMaterialUpdate":false,"showSkybox":false,"showFlares":true,"showImageEffects":true,"showParticleSystems":true},"in2DMode":false,"pivot":{"x":-0.024471044540405275,"y":0.0,"z":-0.03676098585128784},"rotation":{"x":-0.06837775558233261,"y":-0.7549152374267578,"z":0.07984285801649094,"w":-0.6474285125732422},"size":1.6017462015151978,"orthographic":false}