{"cameraMode":{"drawMode":0,"name":"Shaded","section":"Shading Mode"},"sceneLighting":true,"audioPlay":false,"sceneViewState":{"showFog":true,"showMaterialUpdate":false,"showSkybox":true,"showFlares":true,"showImageEffects":true,"showParticleSystems":true},"in2DMode":false,"pivot":{"x":1.2416856288909913,"y":2.009059429168701,"z":-1.6642369031906129},"rotation":{"x":0.017740396782755853,"y":-0.9831668734550476,"z":0.12176134437322617,"w":0.1379532814025879},"size":0.8660253882408142,"orthographic":false}