{"cameraMode":{"drawMode":0,"name":"Shaded","section":"Shading Mode"},"sceneLighting":true,"audioPlay":false,"sceneViewState":{"showFog":true,"showMaterialUpdate":false,"showSkybox":true,"showFlares":true,"showImageEffects":true,"showParticleSystems":true},"in2DMode":false,"pivot":{"x":16.458860397338868,"y":3.0331335067749025,"z":-11.302702903747559},"rotation":{"x":-0.01593133434653282,"y":0.9291431903839111,"z":0.04013669490814209,"w":0.3676191568374634},"size":10.0,"orthographic":false}