{"cameraMode":{"drawMode":0,"name":"Shaded","section":"Shading Mode"},"sceneLighting":true,"audioPlay":false,"sceneViewState":{"showFog":true,"showMaterialUpdate":false,"showSkybox":true,"showFlares":true,"showImageEffects":true,"showParticleSystems":true},"in2DMode":false,"pivot":{"x":-3.9055678844451906,"y":1.576047420501709,"z":1.733174443244934},"rotation":{"x":0.37136492133140566,"y":0.288644015789032,"z":-0.12265469878911972,"w":0.8739494681358337},"size":1.2975834608078004,"orthographic":false}