{"cameraMode":{"drawMode":0,"name":"Shaded","section":"Shading Mode"},"sceneLighting":true,"audioPlay":false,"sceneViewState":{"showFog":true,"showMaterialUpdate":false,"showSkybox":true,"showFlares":true,"showImageEffects":true,"showParticleSystems":true},"in2DMode":false,"pivot":{"x":0.21084585785865785,"y":1.8936079740524293,"z":1.0895776748657227},"rotation":{"x":0.03606724739074707,"y":-0.9619227647781372,"z":0.15148209035396577,"w":0.2258433699607849},"size":0.21650634706020356,"orthographic":false}