{"cameraMode":{"drawMode":0,"name":"Shaded","section":"Shading Mode"},"sceneLighting":true,"audioPlay":false,"sceneViewState":{"showFog":false,"showMaterialUpdate":false,"showSkybox":false,"showFlares":false,"showImageEffects":false,"showParticleSystems":false},"in2DMode":false,"pivot":{"x":-1.2727383375167847,"y":5.336151599884033,"z":7.426411151885986},"rotation":{"x":-0.04970736801624298,"y":-0.9503390192985535,"z":0.21181996166706086,"w":-0.22290338575839997},"size":0.8660253882408142,"orthographic":false}