{"cameraMode":{"drawMode":0,"name":"Shaded","section":"Shading Mode"},"sceneLighting":true,"audioPlay":false,"sceneViewState":{"showFog":true,"showMaterialUpdate":false,"showSkybox":true,"showFlares":true,"showImageEffects":true,"showParticleSystems":true},"in2DMode":false,"pivot":{"x":568.37451171875,"y":-859.3780517578125,"z":2153.815185546875},"rotation":{"x":-0.18233439326286317,"y":-0.12264606356620789,"z":0.022928377613425256,"w":-0.9753528237342835},"size":1207.583984375,"orthographic":false}