{"cameraMode":{"drawMode":0,"name":"Shaded","section":"Shading Mode"},"sceneLighting":true,"audioPlay":false,"sceneViewState":{"showFog":true,"showMaterialUpdate":false,"showSkybox":true,"showFlares":true,"showImageEffects":true,"showParticleSystems":true},"in2DMode":false,"pivot":{"x":30.428220748901368,"y":-26.115049362182618,"z":-6.173172473907471},"rotation":{"x":-0.2643968164920807,"y":-0.705279529094696,"z":0.3282494843006134,"w":-0.5702267289161682},"size":25.495098114013673,"orthographic":false}